ID,Class
13154,b
2571,b
1320,b
16907,b
5570,b
16608,b
11334,b
10064,b
2193,b
18183,b
14124,b
10513,b
18961,b
8988,b
2091,b
5356,b
6540,b
603,b
303,b
2702,b
3696,b
6661,b
12072,b
1261,b
4913,b
12404,b
2384,b
11189,b
3297,b
14963,b
17367,b
7687,b
2734,b
431,b
1389,b
1024,b
11113,b
17737,b
12220,b
10678,b
12645,b
10527,b
12884,b
9874,b
12350,b
78,b
2228,b
8740,b
15689,b
17238,b
7439,b
10657,b
13618,b
13836,b
6447,b
2118,b
7822,b
4140,b
12784,b
15297,b
10766,b
15091,b
2653,b
13359,b
7709,b
4298,b
12631,b
1641,b
6396,b
8694,b
4879,b
15463,b
16812,b
3501,b
6169,b
12103,b
13667,b
1410,b
11869,b
1501,b
131,b
359,b
6793,b
14586,b
15398,b
3740,b
5884,b
9865,b
12442,b
8125,b
17671,b
10219,b
6312,b
11739,b
349,b
1149,b
14592,b
5423,b
16200,b
9241,b
16223,b
9571,b
3042,b
16522,b
101,b
15841,b
2106,b
12533,b
56,b
9500,b
4177,b
652,b
1285,b
17511,b
11590,b
685,b
15264,b
10138,b
9380,b
13719,b
18526,b
6036,b
9777,b
16663,b
12981,b
7257,b
18207,b
9642,b
11545,b
13732,b
1580,b
2670,b
17958,b
18136,b
14029,b
5165,b
11832,b
18472,b
17570,b
5745,b
17841,b
15227,b
6922,b
13527,b
8530,b
10200,b
1697,b
11100,b
1155,b
4000,b
2267,b
11535,b
6188,b
16997,b
14590,b
5593,b
17284,b
8583,b
3608,b
18513,b
8768,b
18860,b
17464,b
4915,b
15089,b
12386,b
9224,b
14431,b
5139,b
1398,b
7356,b
14352,b
7654,b
15440,b
15321,b
4221,b
11986,b
5672,b
3747,b
12373,b
14216,b
12895,b
7752,b
1461,b
17422,b
12114,b
11995,b
3330,b
4015,b
8711,b
11490,b
9801,b
11964,b
9809,b
7704,b
8803,b
11127,b
18557,b
16766,b
15233,b
1351,b
17839,b
2078,b
8799,b
18917,b
7479,b
2101,b
10695,b
18790,b
4663,b
622,b
3593,b
8810,b
1734,b
8249,b
13557,b
17275,b
2773,b
18773,b
16655,b
15667,b
18815,b
18907,b
17413,b
1718,b
15781,b
14575,b
18911,b
5494,b
13929,b
17261,b
8519,b
1648,b
14176,b
2483,b
11539,b
9129,b
1923,b
3541,b
5655,b
12841,b
6074,b
14680,b
17103,b
16551,b
11576,b
7617,b
4317,b
14105,b
11523,b
2545,b
8453,b
13838,b
2867,b
6502,b
17715,b
15025,b
2668,b
3223,b
12908,b
9542,b
7736,b
15190,b
14638,b
17756,b
10023,b
10012,b
4579,b
17914,b
15691,b
18039,b
4362,b
18151,b
11796,b
1452,b
4149,b
9670,b
12436,b
16723,b
4451,b
110,b
1864,b
14467,b
4242,b
9352,b
15346,b
3384,b
11547,b
18437,b
5612,b
13492,b
9089,b
13501,b
1895,b
1396,b
7876,b
16965,b
15906,b
16237,b
5725,b
14635,b
9309,b
15968,b
3302,b
4394,b
4014,b
8039,b
10431,b
8572,b
17281,b
10732,b
4174,b
14707,b
2779,b
7569,b
16847,b
9820,b
16645,b
72,b
12514,b
1867,b
14943,b
6966,b
4162,b
7322,b
15156,b
6204,b
15982,b
2068,b
12348,b
623,b
13180,b
6130,b
18576,b
14957,b
261,b
9720,b
11426,b
1926,b
3448,b
9180,b
10863,b
444,b
7429,b
2353,b
9349,b
13229,b
6618,b
12931,b
15761,b
15050,b
12479,b
17496,b
16547,b
2100,b
15605,b
4904,b
8631,b
337,b
3125,b
3730,b
11120,b
18382,b
14421,b
9901,b
17970,b
17157,b
5596,b
14658,b
12461,b
16233,b
2204,b
1685,b
4020,b
15828,b
13764,b
18559,b
2950,b
14618,b
3585,b
10555,b
15113,b
11156,b
15210,b
14556,b
5275,b
4272,b
17588,b
15998,b
10376,b
5796,b
11017,b
6054,b
17868,b
16405,b
5708,b
17057,b
2420,b
6286,b
12636,b
16473,b
7459,b
2222,b
9377,b
4463,b
4758,b
11238,b
3487,b
6401,b
15763,b
4165,b
11166,b
11038,b
15418,b
11467,b
3874,b
12251,b
17210,b
14918,b
9096,b
19,b
14690,b
4053,b
11698,b
12001,b
13855,b
17629,b
8156,b
4751,b
10243,b
12042,b
1511,b
10092,b
11270,b
15853,b
5169,b
8122,b
2870,b
3176,b
9527,b
17672,b
3270,b
5207,b
11273,b
6063,b
11889,b
16952,b
11441,b
2695,b
16420,b
8400,b
15543,b
7550,b
4484,b
2387,b
3938,b
6398,b
12457,b
16003,b
3335,b
8632,b
11931,b
11603,b
4472,b
6378,b
3272,b
18493,b
7452,b
6600,b
4786,b
7198,b
4487,b
2882,b
17306,b
127,b
7872,b
2778,b
9649,b
8386,b
3689,b
16530,b
18872,b
13184,b
7342,b
11213,b
12453,b
10231,b
15973,b
16741,b
9010,b
6236,b
17504,b
9296,b
4494,b
4399,b
986,b
4955,b
1559,b
16119,b
11069,b
16729,b
3326,b
9181,b
16304,b
3309,b
219,b
10447,b
73,b
12368,b
1885,b
3058,b
18633,b
17743,b
4775,b
18102,b
9624,b
6501,b
10909,b
6943,b
5340,b
10930,b
15936,b
4310,b
15415,b
3367,b
12474,b
2258,b
10845,b
8035,b
16459,b
3821,b
17134,b
15184,b
14433,b
10435,b
12830,b
3946,b
16148,b
15345,b
3262,b
1812,b
18647,b
11548,b
17040,b
3583,b
11886,b
13707,b
13375,b
8469,b
15657,b
16600,b
14962,b
14996,b
11541,b
11588,b
4251,b
17006,b
479,b
8425,b
592,b
17386,b
16968,b
15121,b
8930,b
4707,b
16260,b
114,b
2762,b
5823,b
6163,b
8850,b
18715,b
11779,b
2484,b
16294,b
11814,b
2771,b
14142,b
2640,b
13759,b
12391,b
9211,b
3365,b
11063,b
13893,b
16763,b
2639,b
5377,b
1063,b
7190,b
9612,b
4358,b
13079,b
8642,b
6728,b
13659,b
17936,b
5549,b
11992,b
9400,b
13109,b
13727,b
7873,b
1480,b
3170,b
8243,b
16807,b
13697,b
13237,b
16675,b
18540,b
6498,b
1446,b
10596,b
2352,b
2442,b
1331,b
2468,b
17177,b
18427,b
2972,b
1651,b
5296,b
14191,b
13504,b
8053,b
7805,b
6329,b
9965,b
14378,b
2400,b
12162,b
6926,b
11950,b
16988,b
12785,b
13096,b
15670,b
12144,b
8095,b
8232,b
16265,b
12681,b
9940,b
4004,b
5447,b
18479,b
1814,b
16105,b
13872,b
17573,b
15023,b
13978,b
18552,b
6998,b
14634,b
7245,b
14502,b
1931,b
15489,b
12495,b
9414,b
13357,b
17048,b
16249,b
17024,b
16811,b
18404,b
5265,b
2374,b
2497,b
8110,b
10540,b
14014,b
8002,b
15004,b
7390,b
9898,b
11906,b
11449,b
5505,b
8961,b
5448,b
384,b
14709,b
5581,b
18580,b
38,b
14879,b
12029,b
10370,b
6961,b
1309,b
375,b
13517,b
12782,b
17294,b
1002,b
5295,b
10653,b
14487,b
8713,b
4324,b
77,b
6003,b
2609,b
15007,b
18548,b
2625,b
4932,b
183,b
11692,b
11903,b
447,b
3490,b
6950,b
15445,b
16182,b
8918,b
1912,b
11445,b
18270,b
5163,b
2464,b
18442,b
4581,b
1897,b
12869,b
2638,b
2316,b
17625,b
10750,b
3484,b
389,b
12188,b
3112,b
10051,b
2732,b
2292,b
11460,b
13506,b
18659,b
10037,b
7640,b
9275,b
8635,b
11946,b
6635,b
11829,b
17311,b
11765,b
5179,b
6020,b
18998,b
18876,b
8698,b
1874,b
6711,b
3560,b
15311,b
15139,b
4186,b
1179,b
771,b
13034,b
5503,b
6043,b
1192,b
885,b
9397,b
4517,b
17616,b
13409,b
7334,b
13214,b
8154,b
4044,b
5737,b
12880,b
13196,b
18534,b
15825,b
14651,b
15219,b
15737,b
11244,b
16776,b
1879,b
17170,b
12938,b
969,b
10389,b
9621,b
9164,b
5053,b
4529,b
18072,b
17651,b
18828,b
1566,b
2317,b
194,b
11205,b
2567,b
13423,b
8146,b
3536,b
7511,b
5717,b
5367,b
17676,b
7858,b
9269,b
14417,b
5600,b
2338,b
7016,b
10406,b
13318,b
13283,b
8793,b
7731,b
6284,b
3889,b
8710,b
14715,b
3443,b
6824,b
9138,b
14141,b
16351,b
5108,b
7760,b
10275,b
17523,b
1171,b
12315,b
4595,b
6804,b
8484,b
15677,b
2083,b
9912,b
4415,b
13119,b
4288,b
9515,b
8975,b
18533,b
18388,b
12101,b
17873,b
15749,b
13328,b
2676,b
12692,b
8497,b
17879,b
6697,b
8929,b
3429,b
13158,b
12002,b
2385,b
15425,b
1392,b
8838,b
5368,b
7564,b
14077,b
13336,b
14242,b
4638,b
18326,b
8936,b
15404,b
18523,b
519,b
16022,b
18599,b
3107,b
17038,b
2841,b
7422,b
289,b
17224,b
1860,b
14267,b
6243,b
11175,b
15163,b
4314,b
10584,b
10404,b
5730,b
15594,b
18703,b
6593,b
3870,b
8459,b
14021,b
15590,b
4246,b
15492,b
11117,b
12842,b
18939,b
2782,b
4701,b
8311,b
15951,b
16805,b
18543,b
10014,b
565,b
14436,b
15094,b
3877,b
12128,b
18855,b
11892,b
132,b
9163,b
14861,b
750,b
17831,b
8965,b
10739,b
15475,b
9116,b
19004,b
3957,b
12780,b
5065,b
4620,b
5514,b
2182,b
13067,b
13088,b
2543,b
1371,b
16757,b
5989,b
16577,b
5744,b
10745,b
16320,b
7855,b
5421,b
8037,b
1634,b
18833,b
17558,b
17618,b
8160,b
13822,b
8234,b
16877,b
13033,b
12948,b
7020,b
15269,b
12469,b
16120,b
3514,b
14497,b
6573,b
8178,b
17979,b
17335,b
4452,b
5602,b
16097,b
7508,b
4776,b
13787,b
5153,b
16318,b
11483,b
6217,b
1719,b
1999,b
10950,b
14084,b
13065,b
6144,b
6653,b
3355,b
2157,b
13982,b
3975,b
13251,b
1784,b
125,b
11529,b
9881,b
4456,b
11164,b
13394,b
11844,b
14542,b
2687,b
17491,b
7458,b
11188,b
5365,b
6833,b
3644,b
8885,b
1105,b
4355,b
10789,b
3430,b
8264,b
2613,b
4347,b
11663,b
18978,b
9486,b
11592,b
2729,b
1383,b
14302,b
3576,b
1796,b
6818,b
9435,b
16672,b
13530,b
12291,b
11398,b
9976,b
12062,b
6671,b
1289,b
7661,b
10210,b
17795,b
8105,b
1217,b
10754,b
15759,b
11764,b
10620,b
4762,b
5009,b
10606,b
16244,b
5793,b
11014,b
7203,b
3342,b
2269,b
3046,b
12714,b
3543,b
7828,b
8167,b
15978,b
16951,b
16344,b
8461,b
11820,b
7859,b
7783,b
5008,b
3424,b
10319,b
3263,b
3183,b
3314,b
10483,b
12896,b
10132,b
1354,b
5986,b
13820,b
6941,b
8192,b
7593,b
5252,b
14841,b
16746,b
9358,b
6755,b
9493,b
7995,b
9814,b
12390,b
9005,b
354,b
8536,b
4918,b
17822,b
4933,b
15355,b
9229,b
9646,b
7081,b
9966,b
15313,b
7100,b
13125,b
3334,b
6497,b
18482,b
8613,b
401,b
10119,b
16679,b
9523,b
811,b
11987,b
4825,b
809,b
13613,b
3180,b
13116,b
16282,b
15683,b
9785,b
13475,b
13949,b
12683,b
12281,b
15028,b
7699,b
14262,b
17330,b
14699,b
8022,b
14633,b
17239,b
3561,b
11341,b
7278,b
6098,b
13029,b
4259,b
11810,b
15577,b
7950,b
424,b
870,b
3228,b
11648,b
4745,b
16586,b
1266,b
9775,b
2336,b
16053,b
9437,b
16823,b
404,b
3034,b
10281,b
2718,b
5705,b
11797,b
17754,b
7038,b
5755,b
8736,b
1710,b
2733,b
15865,b
19000,b
522,b
1074,b
10563,b
6510,b
18229,b
14517,b
18282,b
9889,b
12301,b
2838,b
11309,b
6799,b
4115,b
10824,b
4234,b
3052,b
13881,b
11572,b
16955,b
15549,b
11443,b
5515,b
13640,b
12671,b
3187,b
5769,b
16782,b
17298,b
15690,b
12319,b
15953,b
10101,b
12794,b
15821,b
6594,b
2437,b
10500,b
17184,b
13620,b
13225,b
18483,b
4730,b
5118,b
16069,b
4050,b
12949,b
10737,b
18567,b
3781,b
4508,b
6696,b
553,b
8452,b
11675,b
3411,b
2315,b
14446,b
3950,b
16995,b
14224,b
13131,b
15676,b
14255,b
4936,b
4227,b
254,b
1319,b
11186,b
5376,b
5638,b
3359,b
2132,b
13884,b
18250,b
5566,b
8067,b
9506,b
5972,b
11622,b
6269,b
606,b
6529,b
16539,b
12489,b
5105,b
15993,b
14780,b
18651,b
3532,b
18807,b
16443,b
14824,b
18234,b
17485,b
18055,b
14981,b
5068,b
1251,b
3739,b
6027,b
12892,b
6013,b
4117,b
7662,b
11661,b
7002,b
1628,b
12413,b
6220,b
5690,b
7056,b
4040,b
14365,b
17825,b
11577,b
10696,b
16208,b
14639,b
12297,b
3752,b
11114,b
2247,b
10968,b
17382,b
2485,b
15188,b
8831,b
16854,b
3007,b
18675,b
7367,b
2115,b
13001,b
10693,b
8036,b
4293,b
12972,b
2411,b
5726,b
849,b
9151,b
642,b
18023,b
6005,b
12068,b
4135,b
13813,b
6458,b
16917,b
12473,b
3509,b
10998,b
7084,b
14079,b
7194,b
7705,b
5966,b
14416,b
17288,b
2860,b
18613,b
10426,b
16471,b
3068,b
1276,b
8107,b
15814,b
15084,b
7460,b
17908,b
10987,b
18541,b
8147,b
10647,b
17798,b
12806,b
17734,b
17124,b
11505,b
2754,b
12539,b
7462,b
2673,b
2789,b
851,b
15922,b
442,b
17361,b
4402,b
18118,b
10672,b
12777,b
4195,b
7945,b
7690,b
11182,b
12299,b
18110,b
9090,b
1599,b
6694,b
11653,b
8018,b
13445,b
15002,b
11318,b
520,b
8367,b
18797,b
16772,b
4632,b
8309,b
11525,b
17719,b
16924,b
1116,b
9262,b
13077,b
16253,b
15294,b
12722,b
2574,b
16381,b
16324,b
2021,b
4447,b
17849,b
6796,b
12165,b
7861,b
9391,b
2787,b
13734,b
2092,b
1979,b
18267,b
12920,b
18461,b
15574,b
8783,b
16146,b
9741,b
4618,b
3722,b
17322,b
1282,b
14777,b
13432,b
3736,b
15284,b
2626,b
14650,b
6317,b
17199,b
5400,b
670,b
8181,b
1260,b
12352,b
256,b
18508,b
378,b
3476,b
5538,b
15695,b
17804,b
14601,b
1485,b
3620,b
18371,b
11446,b
736,b
7252,b
9227,b
6295,b
4248,b
2125,b
10131,b
2864,b
5000,b
4962,b
8577,b
2528,b
18847,b
15856,b
14484,b
16978,b
17197,b
17087,b
11494,b
10768,b
10038,b
9906,b
11839,b
12036,b
13662,b
16341,b
17621,b
8940,b
16018,b
8867,b
5341,b
9039,b
10977,b
17375,b
17889,b
12407,b
835,b
1524,b
16892,b
5157,b
3440,b
14795,b
13524,b
12939,b
7233,b
9481,b
1075,b
165,b
13688,b
11344,b
2665,b
12222,b
18723,b
3703,b
6619,b
11484,b
12171,b
17941,b
15745,b
12887,b
5290,b
15070,b
15518,b
2074,b
3610,b
14055,b
12840,b
9446,b
14737,b
13869,b
2128,b
14815,b
6017,b
632,b
4224,b
16680,b
10956,b
4552,b
18425,b
11534,b
9390,b
16818,b
11556,b
10313,b
6876,b
17524,b
4144,b
5982,b
17349,b
4810,b
13531,b
3454,b
17897,b
3559,b
7605,b
4483,b
12906,b
10867,b
15986,b
18408,b
3026,b
2080,b
17851,b
4320,b
15593,b
7937,b
16617,b
1565,b
15022,b
12858,b
14290,b
8935,b
4302,b
10186,b
13401,b
18162,b
18544,b
11742,b
13436,b
15987,b
11338,b
10628,b
18115,b
1133,b
7572,b
4018,b
534,b
10357,b
5387,b
13456,b
533,b
18942,b
13739,b
1300,b
3257,b
14719,b
8161,b
7201,b
17718,b
13311,b
5472,b
9148,b
18899,b
3538,b
2203,b
18888,b
4469,b
8414,b
17543,b
14332,b
3573,b
8463,b
9327,b
10261,b
1224,b
2742,b
16726,b
4689,b
17864,b
5121,b
17591,b
1034,b
7382,b
8395,b
16226,b
18457,b
10576,b
6650,b
11925,b
7264,b
3876,b
350,b
14065,b
12951,b
2904,b
15080,b
12757,b
6180,b
17050,b
18563,b
18464,b
12872,b
9367,b
8423,b
13255,b
10523,b
9656,b
17777,b
14922,b
11660,b
8814,b
966,b
7360,b
959,b
9776,b
7762,b
11274,b
10191,b
18791,b
13275,b
17401,b
18789,b
9827,b
2674,b
6023,b
11841,b
3110,b
8268,b
9967,b
5232,b
11084,b
621,b
7992,b
12953,b
4138,b
14221,b
11504,b
3713,b
7747,b
10769,b
14843,b
9973,b
2004,b
15490,b
18474,b
1611,b
266,b
4282,b
10957,b
6311,b
16251,b
2926,b
9810,b
15568,b
15405,b
15641,b
14375,b
3801,b
12236,b
14300,b
890,b
18214,b
1626,b
17325,b
18958,b
1475,b
4496,b
2740,b
7074,b
4705,b
13711,b
11311,b
11855,b
12279,b
12076,b
18731,b
13050,b
13612,b
17602,b
3651,b
17316,b
7628,b
2321,b
16380,b
4191,b
17061,b
16033,b
8486,b
2431,b
8618,b
9372,b
2461,b
17179,b
6991,b
18336,b
8666,b
2181,b
10586,b
3841,b
14850,b
5306,b
355,b
6951,b
10740,b
552,b
7514,b
4842,b
7176,b
4273,b
16186,b
12799,b
9104,b
11784,b
16160,b
5780,b
12587,b
10022,b
8308,b
11292,b
6741,b
14881,b
9034,b
18082,b
3378,b
10401,b
6556,b
15441,b
10519,b
4886,b
7238,b
14915,b
14587,b
1780,b
12635,b
18642,b
6955,b
2223,b
13454,b
7099,b
18753,b
14566,b
2848,b
6270,b
3282,b
17645,b
15542,b
11554,b
10684,b
12190,b
5311,b
5693,b
18922,b
17870,b
13905,b
11263,b
6642,b
2757,b
1753,b
10117,b
2331,b
12566,b
16084,b
1536,b
17634,b
4681,b
10204,b
24,b
4034,b
17018,b
7231,b
16483,b
16913,b
13304,b
18012,b
13623,b
713,b
1583,b
1019,b
18589,b
3557,b
15462,b
2087,b
7227,b
15044,b
1618,b
18786,b
6777,b
2768,b
10882,b
1925,b
9197,b
13945,b
10161,b
10973,b
7649,b
17612,b
3558,b
1983,b
7262,b
1352,b
1035,b
2995,b
12416,b
18573,b
1672,b
17025,b
1473,b
5758,b
13261,b
18913,b
9902,b
4193,b
12484,b
9501,b
7319,b
6313,b
14874,b
15623,b
17151,b
5325,b
9145,b
17015,b
1698,b
9161,b
300,b
14217,b
3618,b
2748,b
3530,b
14663,b
7621,b
15719,b
17269,b
17995,b
6239,b
18169,b
9731,b
17488,b
9888,b
11171,b
1843,b
8722,b
12796,b
14294,b
9914,b
17351,b
14241,b
5556,b
15457,b
8959,b
4830,b
18177,b
17,b
2541,b
7792,b
3463,b
1139,b
149,b
14429,b
1347,b
16808,b
15261,b
7750,b
988,b
4408,b
11447,b
11812,b
7757,b
9541,b
15526,b
5998,b
8523,b
15891,b
26,b
13713,b
6007,b
5523,b
1668,b
18140,b
17501,b
14086,b
12187,b
16891,b
1080,b
13633,b
12382,b
8886,b
13933,b
3073,b
12641,b
2299,b
2834,b
1328,b
11328,b
14011,b
9205,b
10884,b
6405,b
12758,b
16810,b
7733,b
14585,b
16587,b
15035,b
6292,b
10348,b
8482,b
15171,b
12203,b
4893,b
15295,b
10091,b
14889,b
10945,b
11489,b
1788,b
7269,b
3201,b
14082,b
1062,b
8790,b
13611,b
6748,b
830,b
6052,b
11320,b
15980,b
5262,b
15399,b
12795,b
8384,b
1573,b
11226,b
5579,b
7573,b
17538,b
10725,b
15582,b
2566,b
10743,b
14307,b
7222,b
13796,b
17933,b
11390,b
15422,b
16827,b
13774,b
12011,b
12715,b
16159,b
380,b
5947,b
14951,b
15597,b
18191,b
7329,b
18328,b
8744,b
13488,b
17113,b
18787,b
1238,b
8200,b
5250,b
16089,b
9721,b
506,b
6008,b
7061,b
8741,b
13938,b
10123,b
4659,b
6599,b
817,b
1022,b
7316,b
17503,b
18529,b
2413,b
12055,b
4323,b
2869,b
11501,b
10424,b
4390,b
14150,b
9331,b
4863,b
6444,b
10485,b
17919,b
14888,b
4567,b
18861,b
8140,b
5838,b
8126,b
17988,b
7930,b
6105,b
8191,b
17505,b
15580,b
9817,b
16408,b
16502,b
17256,b
12330,b
11786,b
549,b
7738,b
9284,b
18952,b
8709,b
18669,b
15794,b
14023,b
4678,b
6107,b
14125,b
17069,b
13185,b
10128,b
1754,b
3148,b
8665,b
12811,b
16872,b
9511,b
13302,b
10682,b
787,b
8119,b
6056,b
9149,b
14053,b
6674,b
12857,b
5062,b
18417,b
15221,b
11346,b
1239,b
18506,b
14524,b
7578,b
18080,b
12021,b
16743,b
17709,b
4704,b
4088,b
5035,b
2849,b
3875,b
3940,b
11245,b
15509,b
15536,b
467,b
14331,b
5620,b
2313,b
15720,b
6372,b
14864,b
11280,b
17568,b
12351,b
4022,b
2081,b
11538,b
1844,b
18736,b
17776,b
14385,b
7984,b
7486,b
18673,b
15955,b
13799,b
2435,b
16748,b
14768,b
1489,b
3496,b
668,b
453,b
17611,b
8745,b
6691,b
14990,b
15845,b
9630,b
15166,b
14109,b
6109,b
434,b
5151,b
2357,b
1876,b
17943,b
6831,b
9577,b
2493,b
4655,b
2775,b
8368,b
1191,b
13880,b
14172,b
6024,b
1460,b
11935,b
1987,b
13015,b
3753,b
17728,b
11142,b
6856,b
17397,b
1214,b
13673,b
18726,b
12823,b
10837,b
9779,b
13366,b
7191,b
13532,b
4201,b
3605,b
12797,b
10618,b
17132,b
13654,b
2582,b
2964,b
9639,b
17338,b
17886,b
967,b
17927,b
4823,b
1995,b
4356,b
18850,b
5050,b
3312,b
9773,b
18142,b
10093,b
3646,b
11500,b
1061,b
15959,b
7810,b
4640,b
879,b
6275,b
7827,b
17192,b
777,b
7638,b
9280,b
10767,b
17204,b
1424,b
9136,b
17710,b
6652,b
13917,b
3474,b
3340,b
16113,b
8349,b
5616,b
13574,b
17553,b
15092,b
15960,b
10838,b
10336,b
5528,b
3932,b
16118,b
9443,b
11727,b
8211,b
4161,b
8108,b
12824,b
6126,b
14407,b
16798,b
5607,b
17104,b
10811,b
14180,b
4642,b
2694,b
10039,b
11363,b
1366,b
16287,b
16387,b
7867,b
11806,b
14468,b
6587,b
5289,b
18193,b
7079,b
2781,b
1156,b
2039,b
6224,b
4996,b
3929,b
5152,b
9144,b
12612,b
6381,b
6564,b
14335,b
6559,b
2332,b
10328,b
3590,b
3898,b
11597,b
15157,b
1281,b
3002,b
1644,b
17376,b
11093,b
2783,b
18531,b
2529,b
1122,b
2583,b
3234,b
11657,b
5381,b
16941,b
17980,b
10345,b
16942,b
11843,b
4374,b
3276,b
6857,b
14482,b
6088,b
5014,b
12701,b
8430,b
15682,b
11233,b
6947,b
6500,b
7807,b
17230,b
16633,b
4779,b
14516,b
2402,b
3723,b
4333,b
9232,b
10929,b
11859,b
17445,b
15410,b
7501,b
12358,b
15947,b
17716,b
12651,b
18210,b
2943,b
9747,b
9948,b
2348,b
2671,b
14803,b
428,b
9340,b
7410,b
14729,b
4944,b
18123,b
17155,b
10601,b
1241,b
12090,b
5762,b
17363,b
5540,b
15108,b
13123,b
15569,b
10638,b
11410,b
11858,b
17383,b
11312,b
11382,b
358,b
17787,b
3565,b
7518,b
8689,b
4939,b
4599,b
7700,b
6545,b
543,b
7402,b
16678,b
11405,b
7713,b
15751,b
16389,b
17007,b
12816,b
7606,b
18021,b
14603,b
6841,b
8928,b
4263,b
15216,b
5410,b
5049,b
4401,b
997,b
12285,b
17398,b
15327,b
9565,b
13405,b
3191,b
1388,b
6136,b
10758,b
17593,b
6526,b
4756,b
15225,b
11944,b
14666,b
6409,b
13736,b
10343,b
12894,b
7489,b
9217,b
13009,b
8860,b
7424,b
12286,b
10624,b
6805,b
15521,b
14111,b
14720,b
17461,b
6937,b
9404,b
17326,b
5740,b
14674,b
9226,b
10663,b
1301,b
2225,b
4777,b
11985,b
8757,b
4183,b
15788,b
1967,b
18816,b
1920,b
4043,b
15612,b
12298,b
51,b
7993,b
6765,b
8205,b
6071,b
9761,b
12303,b
3956,b
18240,b
2557,b
9658,b
7173,b
17148,b
10321,b
11258,b
6601,b
2251,b
15555,b
15741,b
17673,b
14400,b
18105,b
2971,b
9332,b
10517,b
6196,b
14989,b
12230,b
6506,b
7416,b
4535,b
8385,b
7973,b
7275,b
8214,b
535,b
16947,b
15820,b
7864,b
4329,b
17313,b
6140,b
9299,b
10097,b
9866,b
15263,b
9974,b
17277,b
10803,b
6,b
3333,b
15180,b
14245,b
2216,b
9381,b
1973,b
18749,b
7623,b
14248,b
13397,b
18001,b
18730,b
7377,b
309,b
9237,b
10666,b
11400,b
12151,b
18031,b
14627,b
1471,b
13907,b
8176,b
10912,b
17236,b
16670,b
1542,b
3787,b
13716,b
2509,b
11033,b
9750,b
258,b
4431,b
6209,b
15378,b
5241,b
6854,b
17041,b
12618,b
8615,b
5583,b
18822,b
11035,b
6229,b
8560,b
11690,b
11169,b
14044,b
9214,b
8275,b
12402,b
1213,b
12628,b
18914,b
11959,b
2480,b
5364,b
1206,b
14097,b
6925,b
11073,b
1552,b
18558,b
6632,b
3279,b
6614,b
10810,b
4214,b
15245,b
17735,b
12388,b
410,b
3090,b
5643,b
4058,b
15976,b
12312,b
12772,b
13068,b
18211,b
12148,b
5866,b
1196,b
7563,b
16178,b
15165,b
9360,b
7836,b
8733,b
1941,b
17274,b
9035,b
15118,b
17200,b
3108,b
9497,b
7832,b
10125,b
4441,b
2240,b
16048,b
898,b
4393,b
2703,b
8739,b
13715,b
12346,b
13417,b
16176,b
9450,b
10927,b
9840,b
2563,b
15999,b
4179,b
4107,b
13484,b
12753,b
5883,b
7934,b
10529,b
14427,b
4602,b
15077,b
3364,b
4741,b
8604,b
3727,b
1691,b
15948,b
6749,b
14068,b
9802,b
2375,b
6634,b
5359,b
2878,b
9223,b
12483,b
8012,b
12209,b
8158,b
4864,b
17262,b
11193,b
2761,b
8454,b
2005,b
18609,b
11714,b
16013,b
12956,b
4172,b
14121,b
16717,b
16017,b
5482,b
17872,b
5735,b
12845,b
288,b
9376,b
17692,b
1143,b
3790,b
6623,b
11953,b
3562,b
2330,b
11676,b
12602,b
8256,b
13258,b
7255,b
374,b
11330,b
17721,b
15644,b
11411,b
989,b
17402,b
4969,b
5625,b
4187,b
3203,b
16228,b
15460,b
13138,b
18910,b
4999,b
6507,b
9784,b
9083,b
953,b
6305,b
7770,b
14610,b
12175,b
173,b
17408,b
9695,b
12988,b
15466,b
9505,b
914,b
18104,b
15314,b
8042,b
6651,b
10121,b
152,b
4220,b
11436,b
14395,b
5432,b
3357,b
12117,b
7044,b
5467,b
8656,b
5134,b
15328,b
10553,b
2214,b
312,b
16147,b
11323,b
2135,b
4752,b
10515,b
13291,b
16673,b
8769,b
7361,b
7432,b
2248,b
5798,b
17480,b
3615,b
7178,b
15479,b
6815,b
1083,b
2716,b
8306,b
1052,b
15807,b
8660,b
2548,b
15381,b
1454,b
12310,b
5601,b
3721,b
12791,b
2001,b
16010,b
1871,b
10608,b
6442,b
11760,b
16565,b
15349,b
9418,b
1112,b
9304,b
17280,b
3158,b
12,b
3879,b
13203,b
18796,b
1658,b
2121,b
11267,b
18683,b
2689,b
17054,b
2340,b
7206,b
5910,b
2361,b
15844,b
4817,b
4728,b
9430,b
3858,b
14534,b
16025,b
11224,b
7096,b
17381,b
1504,b
12282,b
11875,b
1609,b
5302,b
9310,b
15547,b
7799,b
18933,b
18838,b
14636,b
13520,b
2526,b
3672,b
18655,b
15238,b
13930,b
12239,b
16898,b
14907,b
4654,b
6979,b
15503,b
10272,b
8934,b
14435,b
10494,b
3004,b
823,b
12309,b
12664,b
9394,b
11298,b
842,b
7637,b
352,b
16969,b
8585,b
5161,b
1382,b
10939,b
14746,b
9410,b
9514,b
1134,b
564,b
508,b
7434,b
3366,b
10013,b
9177,b
15331,b
1005,b
17409,b
2259,b
2344,b
10755,b
7967,b
18351,b
1759,b
6944,b
6735,b
11551,b
10818,b
7292,b
3837,b
12420,b
87,b
3189,b
11342,b
6357,b
3259,b
3582,b
13665,b
6628,b
10372,b
7156,b
4750,b
13780,b
6625,b
1445,b
14646,b
17969,b
17859,b
4339,b
15616,b
2150,b
4795,b
10685,b
8866,b
10701,b
2735,b
15037,b
16269,b
4764,b
17392,b
13297,b
18345,b
18278,b
12504,b
1038,b
16198,b
18433,b
10127,b
3766,b
6233,b
3804,b
18536,b
3061,b
941,b
15402,b
4873,b
12526,b
1435,b
3072,b
16360,b
197,b
12900,b
15340,b
7577,b
5349,b
94,b
13678,b
8353,b
13720,b
2577,b
66,b
6073,b
13680,b
4861,b
8442,b
9508,b
3012,b
2669,b
4793,b
4799,b
947,b
8270,b
17084,b
10315,b
13446,b
10972,b
10976,b
1387,b
9972,b
1636,b
17973,b
11968,b
16100,b
14110,b
2993,b
8622,b
9298,b
14614,b
15972,b
18217,b
4030,b
3024,b
16573,b
11845,b
8334,b
13960,b
5928,b
4556,b
12470,b
6455,b
1869,b
9592,b
4192,b
5206,b
16041,b
2977,b
9239,b
16000,b
8305,b
6588,b
17860,b
12325,b
8682,b
17632,b
12026,b
14026,b
672,b
3968,b
1357,b
5988,b
13602,b
2647,b
13377,b
18614,b
1364,b
3636,b
7682,b
2810,b
16744,b
8112,b
7710,b
2381,b
15015,b
1560,b
13333,b
16570,b
3117,b
4264,b
10903,b
12255,b
9724,b
7476,b
2698,b
14041,b
727,b
43,b
2827,b
12493,b
6463,b
7279,b
10590,b
12984,b
16099,b
416,b
9862,b
8661,b
8674,b
15167,b
15201,b
14798,b
4009,b
12608,b
5299,b
1006,b
16677,b
11131,b
12808,b
4702,b
13319,b
14845,b
6450,b
15394,b
15181,b
18981,b
13934,b
15318,b
2619,b
11404,b
16693,b
16272,b
8559,b
4977,b
5460,b
14048,b
6009,b
9152,b
17468,b
17268,b
2090,b
11305,b
11611,b
1047,b
944,b
17769,b
10536,b
10341,b
8276,b
1907,b
16321,b
15726,b
1104,b
7484,b
17059,b
324,b
7931,b
1822,b
4573,b
5659,b
3103,b
8638,b
2569,b
7594,b
14884,b
806,b
12497,b
15631,b
2364,b
16559,b
28,b
3949,b
12544,b
13974,b
4934,b
7636,b
18438,b
16928,b
5227,b
11051,b
3540,b
13789,b
1275,b
14286,b
8074,b
1406,b
18008,b
15016,b
12563,b
13819,b
3133,b
5628,b
7683,b
10937,b
5741,b
130,b
118,b
10532,b
1932,b
15792,b
12820,b
10888,b
15739,b
8538,b
3589,b
15829,b
17664,b
18999,b
6183,b
11654,b
13293,b
11229,b
14354,b
15727,b
2941,b
6846,b
4403,b
4694,b
8006,b
14561,b
15236,b
17476,b
8222,b
18618,b
3039,b
13216,b
362,b
9058,b
17118,b
6958,b
8990,b
170,b
5464,b
11723,b
15200,b
9826,b
10985,b
486,b
16141,b
3352,b
9290,b
5719,b
7015,b
2257,b
7844,b
3798,b
11868,b
8435,b
9968,b
7809,b
15977,b
18040,b
16954,b
16402,b
2212,b
17339,b
5874,b
7261,b
15055,b
4683,b
6091,b
11662,b
14906,b
7280,b
5716,b
5391,b
13894,b
1622,b
15652,b
15513,b
5017,b
15562,b
7304,b
17975,b
2617,b
15636,b
16579,b
15413,b
6045,b
8174,b
13533,b
10812,b
9885,b
25,b
5976,b
5073,b
16738,b
15857,b
9454,b
16562,b
2478,b
3123,b
16688,b
10453,b
3200,b
68,b
3157,b
12710,b
1805,b
13358,b
14013,b
16205,b
15826,b
1193,b
13950,b
18295,b
1093,b
13763,b
12942,b
11022,b
18966,b
13578,b
18967,b
3603,b
2482,b
14315,b
18289,b
4684,b
7437,b
1916,b
8716,b
17474,b
17517,b
12093,b
11486,b
15400,b
14869,b
10327,b
217,b
1069,b
2350,b
12965,b
11621,b
13286,b
18245,b
961,b
11394,b
1330,b
13014,b
7821,b
3774,b
9002,b
3092,b
336,b
12818,b
3356,b
15618,b
5125,b
11139,b
12060,b
3899,b
6992,b
15274,b
4853,b
1684,b
6771,b
9499,b
7851,b
5747,b
10409,b
18182,b
12395,b
11896,b
10730,b
6246,b
7726,b
15992,b
5529,b
10098,b
12963,b
17318,b
6068,b
9791,b
10509,b
13525,b
17185,b
8596,b
2927,b
6173,b
3780,b
11497,b
4972,b
1769,b
8345,b
7912,b
9582,b
2780,b
10944,b
12228,b
4837,b
4366,b
5469,b
4490,b
6892,b
8829,b
15223,b
14960,b
9307,b
18638,b
1815,b
3049,b
18926,b
17305,b
13984,b
5669,b
5128,b
4215,b
594,b
10145,b
7436,b
1359,b
15249,b
8021,b
9626,b
3979,b
9660,b
13733,b
16201,b
17893,b
1727,b
10238,b
19016,b
5457,b
7216,b
16439,b
17771,b
17636,b
13268,b
8499,b
1779,b
18725,b
4610,b
15979,b
17454,b
3725,b
1166,b
14774,b
18878,b
12381,b
6367,b
7924,b
16230,b
16184,b
10006,b
14282,b
13292,b
8352,b
18698,b
3671,b
9282,b
803,b
7403,b
2686,b
17290,b
18671,b
12650,b
15655,b
7119,b
15481,b
3255,b
10643,b
9686,b
4629,b
1310,b
13372,b
9672,b
11005,b
16481,b
5576,b
2152,b
7729,b
1284,b
6347,b
16908,b
7854,b
4341,b
10772,b
1603,b
17391,b
17729,b
15342,b
13024,b
8097,b
2052,b
7526,b
1735,b
12000,b
637,b
4038,b
6746,b
7109,b
15272,b
5439,b
10518,b
14579,b
8996,b
18062,b
10651,b
4137,b
15938,b
9017,b
1699,b
5912,b
134,b
14632,b
1832,b
5958,b
17500,b
12065,b
8647,b
14140,b
16347,b
8360,b
3022,b
7997,b
2201,b
3480,b
8302,b
7599,b
18003,b
185,b
2962,b
704,b
12547,b
7886,b
16958,b
3574,b
18492,b
4318,b
11360,b
18974,b
19019,b
12724,b
14712,b
12854,b
16082,b
13247,b
14313,b
3581,b
12902,b
11589,b
6489,b
1977,b
15671,b
1040,b
10263,b
12569,b
10429,b
13587,b
3528,b
14979,b
9122,b
10278,b
11571,b
6596,b
14094,b
5683,b
1312,b
12150,b
13594,b
8004,b
10251,b
10547,b
9023,b
448,b
16354,b
3294,b
17299,b
5546,b
6715,b
9442,b
2006,b
15849,b
16482,b
14553,b
10644,b
16797,b
5815,b
13463,b
18660,b
14809,b
4851,b
15062,b
9317,b
18139,b
11470,b
4612,b
13601,b
5586,b
3503,b
7960,b
16710,b
15702,b
5373,b
9913,b
6349,b
12273,b
16767,b
12572,b
14088,b
846,b
14298,b
4865,b
10190,b
11159,b
9868,b
17319,b
9383,b
14256,b
16788,b
10477,b
10446,b
13815,b
10625,b
10893,b
7136,b
5255,b
7951,b
14251,b
15268,b
11265,b
3106,b
487,b
11883,b
7884,b
13560,b
12596,b
11195,b
3810,b
11658,b
11011,b
7948,b
12855,b
12214,b
10266,b
5194,b
12384,b
2720,b
17904,b
9261,b
13544,b
8874,b
1785,b
9049,b
4562,b
649,b
1593,b
6921,b
1689,b
6237,b
2970,b
812,b
10825,b
15019,b
16769,b
6778,b
3400,b
15319,b
10829,b
12296,b
465,b
11720,b
10633,b
3544,b
236,b
15212,b
14422,b
4467,b
5172,b
9659,b
17888,b
17085,b
5872,b
1745,b
7412,b
13852,b
13487,b
7348,b
8849,b
9140,b
18649,b
14474,b
11348,b
3924,b
5319,b
10800,b
2275,b
344,b
1968,b
17761,b
6325,b
1564,b
18634,b
929,b
10371,b
5176,b
7604,b
8890,b
10650,b
2662,b
13167,b
17600,b
16456,b
10074,b
15257,b
4194,b
1212,b
13172,b
14794,b
12865,b
8043,b
1604,b
16523,b
12347,b
12294,b
406,b
3413,b
4398,b
10466,b
16627,b
13653,b
3695,b
443,b
11751,b
10880,b
12555,b
7095,b
10660,b
9498,b
9030,b
13696,b
11794,b
4261,b
7218,b
6478,b
3322,b
7449,b
4160,b
6306,b
8609,b
10047,b
8542,b
13041,b
1255,b
17682,b
14858,b
2137,b
8985,b
16332,b
16916,b
12871,b
10932,b
9680,b
13231,b
5558,b
10443,b
17560,b
16345,b
7933,b
16211,b
16639,b
856,b
8068,b
13845,b
5518,b
9903,b
9046,b
15929,b
5663,b
5967,b
15822,b
4954,b
3353,b
5322,b
6957,b
12061,b
6678,b
18971,b
13875,b
14669,b
5101,b
7786,b
12107,b
12063,b
18271,b
4100,b
9718,b
13013,b
13380,b
4586,b
1847,b
4771,b
7769,b
5498,b
9159,b
11696,b
8252,b
15267,b
9985,b
9295,b
9725,b
15198,b
12371,b
18693,b
18373,b
2942,b
11848,b
4928,b
2288,b
4028,b
14985,b
8943,b
9625,b
15390,b
144,b
4377,b
172,b
13548,b
2911,b
1966,b
3808,b
7274,b
5171,b
15832,b
1234,b
610,b
16391,b
17647,b
1600,b
8555,b
10333,b
10368,b
13230,b
9051,b
11050,b
9548,b
7812,b
12131,b
15917,b
3909,b
9823,b
16845,b
17562,b
2817,b
18083,b
2998,b
16276,b
13276,b
9618,b
17231,b
8751,b
13705,b
1326,b
3316,b
12831,b
13471,b
4688,b
6281,b
295,b
18460,b
6832,b
13256,b
10071,b
12913,b
4473,b
6459,b
16612,b
1321,b
13791,b
2326,b
14295,b
18722,b
1602,b
5851,b
575,b
12234,b
5443,b
1272,b
6603,b
9983,b
18299,b
3965,b
8776,b
6997,b
8680,b
8847,b
1060,b
15397,b
14925,b
17215,b
5880,b
5903,b
1117,b
12476,b
8206,b
14015,b
16618,b
8450,b
17550,b
3944,b
11031,b
11833,b
3596,b
2889,b
12421,b
8009,b
2952,b
14731,b
4848,b
5734,b
15686,b
15357,b
9060,b
943,b
18329,b
7157,b
6531,b
145,b
12690,b
8976,b
17010,b
3818,b
461,b
14718,b
3977,b
10436,b
15914,b
6265,b
3823,b
16374,b
13459,b
17579,b
7800,b
5507,b
15995,b
15375,b
12860,b
2289,b
7920,b
11222,b
17637,b
11109,b
1397,b
14528,b
1344,b
7977,b
6084,b
11179,b
6175,b
1519,b
12958,b
6710,b
6340,b
4739,b
11138,b
926,b
13092,b
17419,b
13709,b
7340,b
7378,b
16613,b
11185,b
6971,b
14441,b
12793,b
15209,b
10671,b
14291,b
17108,b
18203,b
7202,b
15117,b
11440,b
3746,b
16945,b
10804,b
18666,b
775,b
17030,b
15575,b
10237,b
6775,b
1172,b
8329,b
11725,b
17479,b
17967,b
10351,b
6809,b
7026,b
3520,b
964,b
8436,b
11044,b
8755,b
14404,b
6278,b
12125,b
6469,b
16961,b
7665,b
14838,b
16,b
5889,b
12867,b
10619,b
18096,b
1853,b
2450,b
5284,b
5506,b
10717,b
11098,b
9796,b
12876,b
14054,b
2033,b
16102,b
13625,b
6297,b
18950,b
5229,b
17907,b
7232,b
10652,b
8251,b
6184,b
15329,b
10053,b
4306,b
12218,b
14808,b
10924,b
8995,b
137,b
3193,b
7777,b
755,b
1673,b
18678,b
6302,b
10697,b
5937,b
5102,b
10418,b
8548,b
4012,b
3067,b
2522,b
9234,b
17662,b
18943,b
7701,b
8303,b
12338,b
18454,b
4512,b
5351,b
16831,b
12138,b
17258,b
1612,b
14129,b
555,b
8342,b
6475,b
84,b
16219,b
10143,b
3591,b
457,b
12888,b
17770,b
17549,b
13415,b
15143,b
2631,b
15881,b
9534,b
5445,b
12551,b
15707,b
17604,b
10067,b
3446,b
296,b
8408,b
12523,b
8086,b
9244,b
3627,b
10699,b
9048,b
293,b
15587,b
2909,b
4476,b
12862,b
3775,b
2274,b
6143,b
14293,b
14366,b
14538,b
8529,b
4665,b
2500,b
9029,b
5723,b
8978,b
18333,b
10239,b
7846,b
9257,b
1774,b
13802,b
8417,b
14106,b
8651,b
13751,b
17012,b
6072,b
9334,b
18737,b
4062,b
9347,b
8551,b
9248,b
13515,b
13410,b
6197,b
12459,b
16813,b
13760,b
10779,b
4787,b
17976,b
11184,b
17903,b
15852,b
5555,b
18551,b
2249,b
9255,b
3258,b
9883,b
1969,b
9567,b
4241,b
18330,b
11024,b
4154,b
15748,b
4884,b
7263,b
11681,b
16972,b
335,b
1803,b
2234,b
1077,b
698,b
12113,b
945,b
17465,b
7174,b
2062,b
1766,b
2219,b
15324,b
1439,b
13750,b
7272,b
7999,b
14170,b
3428,b
17848,b
9813,b
9183,b
5155,b
16292,b
18316,b
2031,b
10427,b
15755,b
13228,b
9411,b
2277,b
8066,b
10221,b
12091,b
5994,b
17751,b
5461,b
9800,b
4157,b
3971,b
3147,b
13140,b
18178,b
11315,b
17924,b
15187,b
10675,b
15446,b
14505,b
18485,b
11774,b
14314,b
18809,b
18145,b
8649,b
8153,b
9466,b
4111,b
7025,b
8915,b
12937,b
12839,b
9375,b
13566,b
1011,b
7893,b
14039,b
17844,b
16764,b
10797,b
10906,b
17736,b
5371,b
15900,b
16421,b
18157,b
17119,b
4686,b
6219,b
17205,b
5646,b
15904,b
11092,b
11176,b
5733,b
16866,b
11537,b
6377,b
11977,b
17137,b
16571,b
16881,b
1370,b
10594,b
13421,b
15452,b
16650,b
4428,b
7241,b
19009,b
2148,b
6774,b
18273,b
12356,b
1541,b
792,b
9620,b
7601,b
10668,b
10493,b
16575,b
1259,b
17428,b
9270,b
7669,b
4624,b
9301,b
6408,b
15010,b
15211,b
13163,b
14458,b
15811,b
2300,b
15472,b
11228,b
16576,b
14710,b
12741,b
12099,b
18347,b
10396,b
15428,b
5103,b
4838,b
14174,b
1488,b
16982,b
16860,b
9729,b
7528,b
7091,b
5372,b
4541,b
15392,b
13493,b
6617,b
5175,b
18171,b
753,b
90,b
9338,b
7321,b
14977,b
7123,b
4405,b
2868,b
4513,b
4912,b
10938,b
11716,b
14867,b
7037,b
10642,b
6639,b
9538,b
12264,b
14451,b
4284,b
10309,b
12349,b
5651,b
17609,b
15945,b
9313,b
1960,b
5688,b
15256,b
11379,b
14138,b
1491,b
17957,b
2935,b
15168,b
15838,b
18873,b
18147,b
5864,b
4788,b
2324,b
10054,b
13197,b
7270,b
13112,b
913,b
11364,b
11972,b
11037,b
1048,b
2645,b
2018,b
17615,b
18227,b
13126,b
6176,b
13823,b
11951,b
12064,b
3659,b
3629,b
7409,b
15363,b
10926,b
1743,b
5240,b
2990,b
11870,b
9841,b
12560,b
10099,b
11212,b
12300,b
1165,b
16676,b
17694,b
1114,b
7956,b
11234,b
10240,b
7152,b
6683,b
9993,b
13694,b
7244,b
15098,b
17180,b
5930,b
6399,b
8786,b
14789,b
7779,b
651,b
8896,b
18355,b
3469,b
3783,b
7363,b
115,b
9964,b
9162,b
10923,b
1322,b
10720,b
4625,b
16342,b
2711,b
233,b
14965,b
2185,b
10089,b
17418,b
18450,b
9673,b
14660,b
1481,b
9100,b
4633,b
3619,b
2929,b
972,b
18657,b
8210,b
3453,b
15910,b
1667,b
16722,b
18439,b
3174,b
5816,b
4418,b
12106,b
2937,b
12444,b
1108,b
3341,b
5429,b
7306,b
910,b
9751,b
1545,b
15901,b
15646,b
5456,b
7256,b
11619,b
6167,b
9061,b
13793,b
14899,b
18550,b
14327,b
12590,b
14686,b
12307,b
12773,b
1669,b
2048,b
2028,b
12964,b
4985,b
5933,b
8227,b
9616,b
16732,b
10840,b
11528,b
17772,b
12025,b
6835,b
5186,b
5362,b
17089,b
8531,b
17044,b
12133,b
13301,b
470,b
7474,b
9943,b
11719,b
5237,b
12212,b
8684,b
4619,b
14456,b
376,b
16068,b
8514,b
18524,b
15074,b
6822,b
8835,b
4747,b
10279,b
187,b
2263,b
15301,b
13133,b
10591,b
17420,b
3815,b
8468,b
14558,b
481,b
3499,b
5353,b
17234,b
8802,b
13683,b
18452,b
11461,b
13104,b
6044,b
13081,b
4807,b
7332,b
14305,b
5142,b
4052,b
12568,b
10486,b
15145,b
13766,b
13724,b
16506,b
7862,b
7005,b
3421,b
4780,b
831,b
9986,b
3305,b
1345,b
14594,b
4772,b
18935,b
5336,b
11492,b
2451,b
6655,b
15289,b
10078,b
16737,b
15228,b
6162,b
7562,b
6867,b
5398,b
7404,b
1411,b
770,b
15438,b
13829,b
5739,b
7419,b
3286,b
18667,b
1915,b
9475,b
13745,b
16990,b
3822,b
1909,b
2129,b
12059,b
5253,b
13402,b
16367,b
17699,b
12179,b
10168,b
16468,b
16098,b
5031,b
18604,b
17891,b
10723,b
1417,b
1948,b
14185,b
4495,b
6225,b
13717,b
15195,b
6087,b
2328,b
18829,b
3996,b
11289,b
1762,b
5721,b
7582,b
7787,b
4650,b
7028,b
1111,b
8248,b
9228,b
3129,b
15746,b
12367,b
7046,b
11282,b
16191,b
10112,b
695,b
7313,b
3136,b
12980,b
1123,b
16240,b
718,b
2847,b
15280,b
13778,b
2518,b
12829,b
9417,b
928,b
7620,b
18307,b
3539,b
17055,b
456,b
13175,b
10822,b
11272,b
6994,b
2892,b
18302,b
4804,b
8409,b
6358,b
19018,b
15122,b
4990,b
15704,b
9294,b
5911,b
9189,b
17117,b
9825,b
9291,b
11591,b
1857,b
11383,b
12542,b
965,b
15625,b
12030,b
5626,b
5707,b
18680,b
4551,b
6342,b
13303,b
16771,b
7379,b
7598,b
11391,b
7103,b
9047,b
4278,b
18122,b
6018,b
14009,b
4148,b
7032,b
7116,b
11693,b
15813,b
12819,b
14161,b
693,b
1688,b
17201,b
306,b
14225,b
17766,b
18849,b
16542,b
13639,b
9831,b
11710,b
14500,b
1413,b
16622,b
675,b
18700,b
14380,b
13075,b
16874,b
5718,b
5592,b
8143,b
13597,b
15668,b
12977,b
9847,b
3371,b
348,b
13281,b
2865,b
12828,b
17877,b
5882,b
2134,b
10304,b
7798,b
7818,b
6388,b
17100,b
10244,b
3444,b
10018,b
9206,b
311,b
12721,b
17759,b
12191,b
9364,b
8857,b
13437,b
4057,b
13393,b
16838,b
6851,b
5822,b
747,b
2739,b
1141,b
18073,b
7982,b
5895,b
5453,b
1463,b
17250,b
9026,b
10539,b
13246,b
1073,b
17075,b
106,b
13966,b
9602,b
14851,b
17608,b
3233,b
17062,b
4142,b
10607,b
9366,b
6644,b
1549,b
16520,b
15933,b
1662,b
5598,b
4238,b
10874,b
7209,b
9781,b
6849,b
9468,b
2710,b
5437,b
10109,b
2399,b
9279,b
1427,b
891,b
5541,b
544,b
13084,b
5337,b
9032,b
16175,b
13257,b
7052,b
3587,b
2940,b
10709,b
12529,b
2430,b
10991,b
13266,b
4482,b
17971,b
12198,b
9385,b
5811,b
4386,b
11759,b
6528,b
2422,b
12614,b
16306,b
14092,b
8833,b
12698,b
11899,b
7749,b
2549,b
13032,b
5647,b
17162,b
15743,b
13936,b
12518,b
85,b
8789,b
6622,b
14769,b
8189,b
5354,b
15805,b
18405,b
15784,b
699,b
3597,b
10871,b
283,b
10378,b
14034,b
6963,b
2690,b
13391,b
9557,b
1724,b
15333,b
12423,b
11177,b
1318,b
16733,b
2126,b
14384,b
4976,b
5026,b
8845,b
12246,b
18296,b
2907,b
4966,b
2449,b
8337,b
6253,b
16867,b
5533,b
7880,b
4766,b
12540,b
8772,b
4746,b
11626,b
4297,b
12178,b
6645,b
8820,b
15287,b
588,b
14903,b
4898,b
1781,b
18103,b
15197,b
795,b
6406,b
11154,b
18224,b
15919,b
11600,b
8038,b
3456,b
5722,b
5938,b
8821,b
7148,b
12408,b
5894,b
1280,b
3922,b
6445,b
15517,b
5243,b
9844,b
1894,b
4024,b
11593,b
15729,b
15884,b
4839,b
16695,b
5382,b
9830,b
1958,b
3246,b
16340,b
12711,b
995,b
12184,b
16704,b
7819,b
12789,b
247,b
1798,b
8941,b
3461,b
6667,b
8830,b
17852,b
7840,b
1656,b
13775,b
3584,b
6581,b
556,b
17150,b
14668,b
5624,b
6457,b
767,b
8806,b
5709,b
17669,b
17182,b
4656,b
5070,b
6019,b
3964,b
10765,b
7145,b
1376,b
2747,b
4460,b
11712,b
12157,b
15476,b
9345,b
5834,b
5411,b
8557,b
5876,b
10734,b
7018,b
8207,b
17481,b
17590,b
9065,b
13958,b
5712,b
8365,b
14250,b
4813,b
14609,b
909,b
3450,b
15988,b
14559,b
2816,b
13942,b
3883,b
975,b
14253,b
17071,b
11475,b
9970,b
17270,b
16694,b
17556,b
4270,b
7895,b
14093,b
10269,b
6178,b
3602,b
5530,b
11753,b
3866,b
1713,b
8875,b
12571,b
11691,b
17083,b
3548,b
3379,b
15812,b
1905,b
52,b
970,b
13135,b
8506,b
7162,b
9415,b
5545,b
13551,b
18349,b
6638,b
1538,b
3235,b
13647,b
10295,b
3762,b
8911,b
268,b
8071,b
17101,b
2156,b
10928,b
7927,b
7778,b
12735,b
18902,b
6868,b
1845,b
5622,b
7040,b
9091,b
15338,b
5260,b
1954,b
2127,b
9073,b
3873,b
9399,b
2679,b
2192,b
9703,b
6698,b
2015,b
18131,b
5499,b
15411,b
17120,b
9585,b
2807,b
18569,b
9433,b
5465,b
6727,b
11615,b
343,b
17027,b
16550,b
12260,b
18184,b
17956,b
12014,b
15464,b
12537,b
11158,b
10077,b
12418,b
6621,b
9213,b
1608,b
9069,b
14085,b
3901,b
14454,b
5633,b
5211,b
10549,b
11399,b
15110,b
16466,b
9157,b
1794,b
6262,b
13700,b
17741,b
3832,b
2011,b
15222,b
18581,b
14722,b
4782,b
991,b
12414,b
11682,b
9922,b
1726,b
5859,b
2750,b
13177,b
13460,b
17900,b
11041,b
8397,b
2089,b
8827,b
11415,b
9870,b
13552,b
13089,b
12822,b
4906,b
1027,b
9212,b
1189,b
10771,b
7350,b
10170,b
4444,b
6016,b
11261,b
7289,b
5436,b
9045,b
14675,b
2519,b
16629,b
15540,b
160,b
14334,b
4902,b
2000,b
18037,b
8020,b
1996,b
10833,b
10393,b
15229,b
2440,b
9551,b
16581,b
6294,b
7260,b
5885,b
8236,b
1919,b
16793,b
18752,b
16247,b
12743,b
13785,b
17882,b
15250,b
2859,b
16991,b
221,b
3611,b
8573,b
13559,b
4685,b
1249,b
15138,b
18582,b
16756,b
6194,b
16873,b
5993,b
7584,b
5770,b
2555,b
9062,b
12208,b
17364,b
2026,b
8639,b
5727,b
3153,b
15958,b
5677,b
7211,b
12825,b
13726,b
15801,b
973,b
14319,b
17036,b
8796,b
1102,b
13192,b
8567,b
18664,b
2371,b
16759,b
16264,b
9578,b
3167,b
14716,b
9640,b
11204,b
10087,b
11419,b
10442,b
8347,b
7092,b
3878,b
15064,b
11722,b
4189,b
5543,b
8552,b
12272,b
9637,b
3575,b
15779,b
4965,b
16266,b
6631,b
6232,b
17965,b
587,b
6637,b
8137,b
9953,b
2893,b
15207,b
2511,b
16885,b
6412,b
1225,b
7502,b
14800,b
5231,b
8485,b
1690,b
11149,b
17026,b
2562,b
14642,b
2429,b
16603,b
4021,b
7101,b
13842,b
18758,b
4715,b
3320,b
4840,b
3984,b
3388,b
8780,b
1177,b
763,b
13213,b
12686,b
14545,b
1426,b
18084,b
9924,b
11527,b
13162,b
18898,b
13631,b
2615,b
6794,b
5713,b
5544,b
9286,b
4321,b
7045,b
7581,b
16366,b
2421,b
16270,b
13363,b
5488,b
16594,b
10113,b
8091,b
18887,b
9139,b
11617,b
8765,b
13693,b
7878,b
16601,b
18792,b
8133,b
15032,b
5563,b
2282,b
16350,b
2932,b
3037,b
8993,b
2130,b
6916,b
6730,b
3493,b
12599,b
3989,b
15637,b
2436,b
12492,b
16476,b
3126,b
2047,b
13592,b
5940,b
4158,b
15681,b
827,b
10983,b
5686,b
4376,b
17986,b
12552,b
10028,b
12769,b
7105,b
7144,b
9549,b
18788,b
7795,b
14574,b
14316,b
7082,b
3116,b
16074,b
9701,b
4299,b
15362,b
7204,b
16926,b
18954,b
8752,b
7298,b
9893,b
6157,b
6820,b
18517,b
6763,b
2620,b
17176,b
16492,b
8296,b
10009,b
9070,b
4561,b
18475,b
17760,b
10951,b
11329,b
2298,b
11287,b
7611,b
243,b
9533,b
13807,b
420,b
15663,b
10842,b
16435,b
4669,b
6147,b
18027,b
16214,b
14939,b
5749,b
4957,b
7936,b
12966,b
1851,b
10778,b
16030,b
7054,b
9712,b
2397,b
13023,b
6792,b
14209,b
9771,b
3692,b
9617,b
1903,b
7926,b
15255,b
7755,b
15773,b
6438,b
7186,b
12034,b
8958,b
880,b
9012,b
8702,b
9050,b
8753,b
2772,b
16895,b
2731,b
7702,b
1936,b
4546,b
12648,b
7027,b
10344,b
16401,b
14944,b
10843,b
18277,b
1671,b
16752,b
4540,b
7533,b
5083,b
3000,b
475,b
14405,b
4880,b
9629,b
2333,b
7887,b
17433,b
11604,b
18006,b
14868,b
13211,b
18396,b
8659,b
3452,b
10634,b
7273,b
1512,b
11789,b
5689,b
13595,b
11389,b
4903,b
3915,b
12803,b
13916,b
14738,b
3290,b
1399,b
493,b
16989,b
15882,b
12196,b
8955,b
590,b
17738,b
5113,b
10786,b
10059,b
13145,b
5995,b
15036,b
16692,b
14074,b
12899,b
6970,b
11783,b
12405,b
13668,b
10910,b
5789,b
14426,b
2246,b
15045,b
12149,b
2963,b
11669,b
7957,b
10719,b
17993,b
15189,b
7785,b
6227,b
16091,b
18272,b
11068,b
14969,b
4291,b
1211,b
1258,b
2473,b
2755,b
1407,b
16803,b
15286,b
10100,b
10883,b
2596,b
625,b
18487,b
4365,b
11678,b
4249,b
8415,b
11652,b
10980,b
291,b
17223,b
11496,b
9424,b
10935,b
5843,b
2856,b
18167,b
13648,b
2008,b
4648,b
1619,b
16043,b
12071,b
1162,b
16583,b
7208,b
3911,b
7909,b
14379,b
13253,b
12600,b
9643,b
2531,b
4493,b
18372,b
18337,b
8982,b
18510,b
6523,b
11157,b
11332,b
6585,b
18588,b
17066,b
15278,b
14007,b
7086,b
12428,b
16274,b
13146,b
7592,b
3894,b
3284,b
3976,b
13642,b
2311,b
14992,b
13954,b
9384,b
13549,b
2463,b
10777,b
3847,b
12768,b
4757,b
15731,b
6878,b
3728,b
10808,b
1113,b
13953,b
6881,b
13004,b
6654,b
7791,b
6546,b
13313,b
7823,b
2524,b
15317,b
339,b
6875,b
12111,b
7932,b
3093,b
15687,b
2767,b
13060,b
16449,b
3331,b
15556,b
8853,b
10448,b
9252,b
7428,b
16349,b
13349,b
12475,b
5974,b
4910,b
6909,b
1045,b
7228,b
7546,b
10198,b
8620,b
13212,b
14391,b
18301,b
10130,b
13340,b
18486,b
12050,b
16496,b
7824,b
9804,b
2572,b
11640,b
8664,b
12851,b
6589,b
18386,b
3686,b
15341,b
7962,b
14620,b
18969,b
4883,b
2098,b
17861,b
18412,b
2538,b
17984,b
13280,b
2173,b
2184,b
4210,b
3288,b
15653,b
6041,b
11381,b
3592,b
3177,b
15369,b
13553,b
2097,b
3308,b
12656,b
7381,b
1453,b
8180,b
17106,b
4406,b
13362,b
8489,b
6010,b
9472,b
864,b
13073,b
6889,b
5047,b
16126,b
6530,b
18879,b
11922,b
9934,b
11075,b
4168,b
3504,b
657,b
7856,b
14547,b
3556,b
3767,b
3062,b
15133,b
15027,b
2050,b
6999,b
3985,b
14657,b
14577,b
1373,b
4617,b
5943,b
7267,b
6571,b
13803,b
12674,b
10649,b
2188,b
9861,b
2722,b
12597,b
18622,b
2723,b
6117,b
13071,b
17836,b
7725,b
12859,b
18856,b
8388,b
11039,b
5159,b
8170,b
5438,b
13575,b
9788,b
13755,b
11377,b
1790,b
17195,b
1980,b
11218,b
11837,b
10021,b
16626,b
13,b
8316,b
226,b
10076,b
12546,b
1147,b
5871,b
8865,b
9711,b
5261,b
8031,b
16475,b
8589,b
9654,b
13160,b
6200,b
18641,b
6882,b
15421,b
14678,b
9344,b
14653,b
674,b
11993,b
6301,b
10405,b
16922,b
15353,b
11118,b
11087,b
6513,b
6207,b
5197,b
1642,b
18232,b
4345,b
10495,b
9842,b
7146,b
171,b
6808,b
11975,b
3661,b
10762,b
15584,b
9938,b
7863,b
279,b
10385,b
3763,b
14113,b
11463,b
15533,b
16383,b
13241,b
9445,b
16046,b
9253,b
2343,b
16168,b
16781,b
8612,b
231,b
18959,b
15179,b
16087,b
4300,b
3149,b
5936,b
11608,b
2424,b
13429,b
17291,b
6350,b
9427,b
10137,b
867,b
17937,b
13708,b
589,b
8228,b
16134,b
9899,b
1526,b
15368,b
2124,b
14463,b
1469,b
2792,b
9590,b
16499,b
2066,b
7392,b
3840,b
5746,b
16353,b
13502,b
2988,b
16983,b
1313,b
2146,b
13616,b
14905,b
17444,b
17107,b
13042,b
3527,b
8116,b
18212,b
7083,b
12684,b
16361,b
17545,b
2888,b
14062,b
3415,b
4383,b
13871,b
8364,b
15673,b
11162,b
13195,b
13344,b
113,b
11918,b
12379,b
13368,b
3134,b
6869,b
9469,b
18877,b
6190,b
16632,b
11032,b
15068,b
10456,b
958,b
